Time,Value,Factor,Baseline,Mass,Mass_smooth,Mass_derivative_smooth,ts,Mass_sigmoid,Flow_rate
2023-10-13 16:10:09.287171,388781,6.862879436681862,388858.07934131735,0.0,0.0,-0.03042326631518577,10.012841939926147,-0.3524961087275642,
2023-10-13 16:10:09.487160,388762,6.862879436681862,388858.07934131735,-2.76851723468223,0.02401836814356173,0.02401836814356173,10.212830781936646,-0.3526148728802809,-0.0005938538946612195
2023-10-13 16:10:09.685290,388815,6.862879436681862,388858.07934131735,4.954188735747145,0.14571143340432435,0.12169306526076262,10.410960912704468,-0.352763214788979,-0.0007487094876644037
2023-10-13 16:10:09.887318,388758,6.862879436681862,388858.07934131735,-3.35136296829954,0.07525755351652563,-0.07045387988779872,10.612988948822021,-0.35295416958445003,-0.0009451895842809301
2023-10-13 16:10:10.087365,388776,6.862879436681862,388858.07934131735,-0.7285571670216395,-0.1409077597756152,-0.21616531329214084,10.81303596496582,-0.35319310659224357,-0.001194404257556055
2023-10-13 16:10:10.286770,388739,6.862879436681862,388858.07934131735,-6.1198802029817685,-0.43233062658426924,-0.29142286680865404,11.01244068145752,-0.35349362364809167,-0.0015070709516573242
2023-10-13 16:10:10.490318,388731,6.862879436681862,388858.07934131735,-7.285571670216392,-0.9495261539424806,-0.5171955273582114,11.215988874435425,-0.35388151990161987,-0.0019056727935202178
2023-10-13 16:10:10.685360,388770,6.862879436681862,388858.07934131735,-1.602825767447607,-1.6716784227925068,-0.7221522688500261,11.411031007766724,-0.35435018687985576,-0.0024029012102723944
2023-10-13 16:10:10.887145,388789,6.862879436681862,388858.07934131735,1.1656914672346215,-2.813351521883561,-1.1416730990910544,11.612815856933594,-0.35496114968998427,-0.0030277932790844187
2023-10-13 16:10:11.087085,388784,6.862879436681862,388858.07934131735,0.43713430021298194,-4.095932380750227,-1.282580858866666,11.812755823135376,-0.35572598950545853,-0.0038253473280193202
2023-10-13 16:10:11.286775,388734,6.862879436681862,388858.07934131735,-6.84843737000341,-5.716371618169781,-1.6204392374195535,12.01244592666626,-0.35668994721117997,-0.004827268295608634
2023-10-13 16:10:11.487507,388782,6.862879436681862,388858.07934131735,0.1457114334043279,-7.793159850317188,-2.0767882321474076,12.213177680969238,-0.3579133251685107,-0.006094591070450219
2023-10-13 16:10:11.685602,388747,6.862879436681862,388858.07934131735,-4.954188735747149,-9.86514440883587,-2.0719845585186825,12.411272764205933,-0.3594360513615129,-0.007686844964156767
2023-10-13 16:10:11.885753,388781,6.862879436681862,388858.07934131735,0.0,-12.452723270169862,-2.5875788613339914,12.611423969268799,-0.3613760816605236,-0.009692823475138886
2023-10-13 16:10:12.092309,388801,6.862879436681862,388858.07934131735,2.9142286680865563,-15.663178478693784,-3.2104552085239213,12.81797981262207,-0.36391338366888704,-0.012283854899345087
2023-10-13 16:10:12.287399,388752,6.862879436681862,388858.07934131735,-4.2256315687255075,-19.177866350369595,-3.514687871675811,13.01306962966919,-0.36694027399084916,-0.01551536808930964
2023-10-13 16:10:12.486833,388815,6.862879436681862,388858.07934131735,4.954188735747145,-23.12168239954389,-3.943816049174295,13.212503671646118,-0.37083379297826013,-0.01952284047806336
2023-10-13 16:10:12.685205,388767,6.862879436681862,388858.07934131735,-2.0399600676605907,-27.444988665386578,-4.323306265842689,13.410875797271729,-0.3757156035603657,-0.024609357623757388
2023-10-13 16:10:12.886854,388748,6.862879436681862,388858.07934131735,-4.808477302342819,-32.20382800689934,-4.758839341512768,13.61252474784851,-0.38197964362655057,-0.03106408462958845
2023-10-13 16:10:13.087274,388704,6.862879436681862,388858.07934131735,-11.219780372133243,-37.431826139483206,-5.227998132583863,13.812944889068604,-0.38984702030836615,-0.03925442140655899
2023-10-13 16:10:13.287104,388777,6.862879436681862,388858.07934131735,-0.5828457336173116,-43.21224673936919,-5.780420599885986,14.01277470588684,-0.39974902419317004,-0.04955218416584262
2023-10-13 16:10:13.493539,388710,6.862879436681862,388858.07934131735,-10.345511771707276,-49.29690000240703,-6.084653263037836,14.219209909439087,-0.4127091725830496,-0.06278070874960787
2023-10-13 16:10:13.687375,388745,6.862879436681862,388858.07934131735,-5.245611602555801,-55.94198185546155,-6.6450818530545135,14.413045883178711,-0.42806651221121683,-0.07922853189674904
2023-10-13 16:10:13.886806,388757,6.862879436681862,388858.07934131735,-3.497074401703868,-62.966553925184485,-7.024572069722936,14.612476825714111,-0.4479335018928623,-0.09961839135428513
2023-10-13 16:10:14.087078,388760,6.862879436681862,388858.07934131735,-3.059940101490886,-70.27934641263026,-7.312792487445776,14.812748670578003,-0.473109854448694,-0.12571089347552591
2023-10-13 16:10:14.286275,388787,6.862879436681862,388858.07934131735,0.8742686004259657,-77.92839605408602,-7.649049641455761,15.011945962905884,-0.5047038678748095,-0.15860664096834895
2023-10-13 16:10:14.487046,388712,6.862879436681862,388858.07934131735,-10.05408890489862,-85.99376407669696,-8.06536802261094,15.212716817855835,-0.5448934504405543,-0.2001763780692341
2023-10-13 16:10:14.687311,388708,6.862879436681862,388858.07934131735,-10.636934638515932,-94.2480765953707,-8.254312518673743,15.412981986999512,-0.5955164367276211,-0.2527797844404399
2023-10-13 16:10:14.888119,388742,6.862879436681862,388858.07934131735,-5.6827459027687866,-102.58725401481841,-8.339177419447708,15.613789796829224,-0.6596163740181282,-0.31921038003882835
2023-10-13 16:10:15.090484,388760,6.862879436681862,388858.07934131735,-3.059940101490886,-111.19223470838828,-8.604980693569871,15.816154718399048,-0.7412875842885569,-0.40358383081846894
2023-10-13 16:10:15.285349,388761,6.862879436681862,388858.07934131735,-2.914228668086558,-119.86126438367432,-8.66902967528604,16.011019945144653,-0.84035090154714,-0.5083683677843108
2023-10-13 16:10:15.487122,388741,6.862879436681862,388858.07934131735,-5.828457336173113,-128.72564345319483,-8.86437906952051,16.21279263496399,-0.9695463670095705,-0.6403020427497403
2023-10-13 16:10:15.687074,388714,6.862879436681862,388858.07934131735,-9.762666038089964,-137.62044578903044,-8.894802335835607,16.412744760513306,-1.131235297729745,-0.8086382191535914
2023-10-13 16:10:15.901270,388762,6.862879436681862,388858.07934131735,-2.76851723468223,-146.63053629195514,-9.010090502924697,16.626940727233887,-1.3516207487757583,-1.0288963626168852
2023-10-13 16:10:16.101398,388734,6.862879436681862,388858.07934131735,-6.84843737000341,-155.76872475831212,-9.13818846635698,16.82706880569458,-1.6134350297883202,-1.3082336223199391
2023-10-13 16:10:16.301245,388732,6.862879436681862,388858.07934131735,-7.139860236812066,-165.00618914632955,-9.237464388017429,17.026915788650513,-1.9431529368517886,-1.6498518125548736
2023-10-13 16:10:16.501410,388727,6.862879436681862,388858.07934131735,-7.868417403833703,-174.29809516880542,-9.291906022475871,17.227080821990967,-2.3595561105554452,-2.0802992748259395
2023-10-13 16:10:16.702628,388732,6.862879436681862,388858.07934131735,-7.139860236812066,-183.5595779249662,-9.261482756160774,17.428298950195312,-2.8876449741450188,-2.6244596761842276
2023-10-13 16:10:16.902308,388765,6.862879436681862,388858.07934131735,-2.3313829344692465,-192.856287621071,-9.296709696104813,17.627978801727295,-3.548325209024256,-3.3086975466496527
2023-10-13 16:10:17.102546,388793,6.862879436681862,388858.07934131735,1.748537200851933,-202.28910140332255,-9.432813782251543,17.828216791152954,-4.382787314954044,-4.1673516015780425
2023-10-13 16:10:17.302903,388792,6.862879436681862,388858.07934131735,1.6028257674476052,-211.80678008634797,-9.517678683025423,18.028573751449585,-5.434254588296767,-5.247969782462329
2023-10-13 16:10:17.503391,388751,6.862879436681862,388858.07934131735,-4.371343002129835,-221.1563301923687,-9.349550106020729,18.22906184196472,-6.758518315961396,-6.60519896349977
2023-10-13 16:10:17.703807,388751,6.862879436681862,388858.07934131735,-4.371343002129835,-230.58754275007746,-9.431212557708761,18.42947769165039,-8.42326742494754,-8.306474321253164
2023-10-13 16:10:17.903943,388794,6.862879436681862,388858.07934131735,1.894248634256261,-240.09401286130253,-9.50647011122507,18.629613637924194,-10.511173177720707,-10.432437508835756
2023-10-13 16:10:18.103838,388736,6.862879436681862,388858.07934131735,-6.557014503194754,-249.57486337984125,-9.480850518538716,18.829508781433105,-13.12596782305252,-13.080831277000222
2023-10-13 16:10:18.303515,388760,6.862879436681862,388858.07934131735,-3.059940101490886,-259.0268918566076,-9.452028476766372,19.02918577194214,-16.39456844566871,-16.36944053635625
2023-10-13 16:10:18.504111,388768,6.862879436681862,388858.07934131735,-1.8942486342562628,-268.4901289051746,-9.463237048566953,19.22978186607361,-20.496708240529074,-20.44974909716757
2023-10-13 16:10:18.703667,388804,6.862879436681862,388858.07934131735,3.351362968299539,-278.0478382017727,-9.557709296598148,19.429337739944458,-25.58073517552714,-25.47670903582819
2023-10-13 16:10:18.903857,388728,6.862879436681862,388858.07934131735,-7.722705970429377,-287.69521607277335,-9.647377871000629,19.629527807235718,-31.912539385132845,-31.6289628915178
2023-10-13 16:10:19.106395,388623,6.862879436681862,388858.07934131735,-23.0224064778838,-297.1792690403981,-9.484052967624734,19.83206558227539,-39.845859924992624,-39.16958472712465
2023-10-13 16:10:19.306447,388548,6.862879436681862,388858.07934131735,-33.95076398320838,-306.6937452743378,-9.514476233939718,20.03211784362793,-49.49918850113522,-48.25403377536016
2023-10-13 16:10:19.503728,388426,6.862879436681862,388858.07934131735,-51.72755885853638,-316.2274362027923,-9.533690928454519,20.22939896583557,-61.12346375724201,-58.92239017107803
2023-10-13 16:10:19.703801,388337,6.862879436681862,388858.07934131735,-64.69587643152155,-325.7098879458739,-9.482451743081583,20.429471969604492,-75.41391563970387,-71.42618750787071
2023-10-13 16:10:19.904025,388102,6.862879436681862,388858.07934131735,-98.9380632815386,-335.2051494852987,-9.495261539424803,20.629695892333984,-92.61886077956376,-85.92851895676934
2023-10-13 16:10:20.103663,387957,6.862879436681862,388858.07934131735,-120.06622112516615,-344.74044163829626,-9.535292152997556,20.829334020614624,-113.03225501008842,-102.25198165467019
2023-10-13 16:10:20.303958,387752,6.862879436681862,388858.07934131735,-149.93706497305334,-354.254917872236,-9.514476233939718,21.02962875366211,-137.09894924143464,-120.1564008457504
2023-10-13 16:10:20.503351,387484,6.862879436681862,388858.07934131735,-188.9877291254132,-363.89268839597963,-9.637770523743654,21.229021787643433,-164.8414344882117,-139.13467633666497
2023-10-13 16:10:20.709549,387391,6.862879436681862,388858.07934131735,-202.5388924320157,-373.3799438126899,-9.48725541671024,21.435219764709473,-197.57235418863252,-158.73540645812415
2023-10-13 16:10:20.903322,387105,6.862879436681862,388858.07934131735,-244.21236238565345,-382.8928188220866,-9.512875009396737,21.628993034362793,-231.95098585797427,-177.41679092708998
2023-10-13 16:10:21.104106,386783,6.862879436681862,388858.07934131735,-291.131443941847,-392.4104975051122,-9.517678683025565,21.829776763916016,-270.9182521900277,-194.07581689393916
2023-10-13 16:10:21.303671,386554,6.862879436681862,388858.07934131735,-324.4993621914381,-401.9634031280818,-9.552905622969604,22.02934193611145,-312.43662631583993,-208.04418761582903
2023-10-13 16:10:21.503745,386326,6.862879436681862,388858.07934131735,-357.72156900762485,-411.50349895470805,-9.54009582662627,22.229415893554688,-356.0543933745156,-218.00821864110125
2023-10-13 16:10:21.710688,386082,6.862879436681862,388858.07934131735,-393.27515875828084,-421.03718988316245,-9.533690928454405,22.43635892868042,-402.2688355063733,-223.31963046632225
2023-10-13 16:10:21.902245,385793,6.862879436681862,388858.07934131735,-435.3857630121316,-430.59329795521774,-9.556108072055281,22.627915859222412,-445.0936456019326,-223.56178904303056
2023-10-13 16:10:22.104972,385519,6.862879436681862,388858.07934131735,-475.3106957649174,-440.0181056147549,-9.42480765953718,22.83064293861389,-489.50017846005,-219.04588667390308
2023-10-13 16:10:22.310683,385182,6.862879436681862,388858.07934131735,-524.4154488221758,-449.4573242951781,-9.43921868042321,23.036353588104248,-532.7096496220122,-210.0497532286865
2023-10-13 16:10:22.503500,384956,6.862879436681862,388858.07934131735,-557.3462327715539,-459.02624216357657,-9.568917868398444,23.22917079925537,-570.8684805111618,-197.90158078389652
2023-10-13 16:10:22.703894,384666,6.862879436681862,388858.07934131735,-599.602548458809,-468.3982094131978,-9.371967249621207,23.429564714431763,-607.6560449275004,-183.5762547179003
2023-10-13 16:10:22.904477,384423,6.862879436681862,388858.07934131735,-635.0104267760606,-477.90788197350884,-9.50967256031106,23.630147695541382,-641.2688928563277,-167.5757720963268
2023-10-13 16:10:23.103745,384193,6.862879436681862,388858.07934131735,-668.524056459056,-487.4928120873363,-9.584930113827454,23.829415798187256,-671.3742718860541,-151.0797695666708
2023-10-13 16:10:23.301478,383982,6.862879436681862,388858.07934131735,-699.2691689073692,-497.03450913850554,-9.541697051169251,24.027148723602295,-698.0408862894046,-134.8617805930784
2023-10-13 16:10:23.517140,383735,6.862879436681862,388858.07934131735,-735.2598929582382,-506.60662945598983,-9.572120317484291,24.24281072616577,-723.6401310491569,-118.70076534329498
2023-10-13 16:10:23.718236,383656,6.862879436681862,388858.07934131735,-746.7710961971801,-516.0858787499857,-9.47924929399585,24.443906784057617,-744.4565829142357,-103.51496734100253
2023-10-13 16:10:23.918346,383533,6.862879436681862,388858.07934131735,-764.6936025059124,-525.504281511351,-9.418402761365314,24.6440167427063,-762.5006097728482,-90.170559128899
2023-10-13 16:10:24.118328,383400,6.862879436681862,388858.07934131735,-784.073223148688,-535.013954071662,-9.50967256031106,24.843998908996582,-778.1362830455851,-78.18533803679769
2023-10-13 16:10:24.319454,383371,6.862879436681862,388858.07934131735,-788.2988547174135,-544.4707862220571,-9.45683215039503,25.045124769210815,-791.7111659282932,-67.49446773402775
2023-10-13 16:10:24.518283,383250,6.862879436681862,388858.07934131735,-805.9299381593372,-554.0268942941124,-9.556108072055281,25.243953704833984,-803.2627385231675,-58.09804573297847
2023-10-13 16:10:24.718204,383188,6.862879436681862,388858.07934131735,-814.9640470304055,-563.526959507166,-9.500065213053631,25.443874835968018,-813.2393916316825,-49.902944485774675
2023-10-13 16:10:24.918225,383154,6.862879436681862,388858.07934131735,-819.9182357661526,-573.0334296183912,-9.506470111225212,25.643895626068115,-821.7910430291121,-42.75381270691945
2023-10-13 16:10:25.120354,383018,6.862879436681862,388858.07934131735,-839.7349907091412,-582.546304627788,-9.512875009396794,25.846024751663208,-829.1760513409702,-36.53609191706402
2023-10-13 16:10:25.321182,383005,6.862879436681862,388858.07934131735,-841.6292393433976,-592.0159465745263,-9.469641946738307,26.046852827072144,-835.4356879010329,-31.169130846454507
2023-10-13 16:10:25.520388,382982,6.862879436681862,388858.07934131735,-844.980602311697,-601.5432326048094,-9.527286030283108,26.24605894088745,-840.7330651538422,-26.592443130137518
2023-10-13 16:10:25.721613,382941,6.862879436681862,388858.07934131735,-850.9547710812745,-611.062512512378,-9.519279907568603,26.44728398323059,-845.293960349183,-22.66564410787051
2023-10-13 16:10:25.921886,382949,6.862879436681862,388858.07934131735,-849.7890796140399,-620.5513691536313,-9.488856641253278,26.6475567817688,-849.1585639921904,-19.296697660466908
2023-10-13 16:10:26.123326,382881,6.862879436681862,388858.07934131735,-859.6974570855342,-630.0482319175989,-9.496862763967556,26.848996877670288,-852.4659127108602,-16.418522359556466
2023-10-13 16:10:26.323276,382861,6.862879436681862,388858.07934131735,-862.6116857536207,-639.6395669295981,-9.591335011999263,27.048946857452393,-855.2582208668622,-13.96503345009064
2023-10-13 16:10:26.523300,382886,6.862879436681862,388858.07934131735,-858.9688999185125,-649.1700554089671,-9.530488479368955,27.248970985412598,-857.6347316552867,-11.881120606096749
2023-10-13 16:10:26.723307,382868,6.862879436681862,388858.07934131735,-861.5917057197904,-658.6781267447351,-9.508071335768022,27.44897770881653,-859.6558422033606,-10.105213033224464
2023-10-13 16:10:26.926498,382880,6.862879436681862,388858.07934131735,-859.8431685189385,-668.1845968559602,-9.506470111225099,27.65216875076294,-861.3996671113883,-8.582193837500053
2023-10-13 16:10:27.123247,382886,6.862879436681862,388858.07934131735,-858.9688999185125,-677.796747787017,-9.612150931056817,27.848917961120605,-862.8352161631,-7.296339584296067
2023-10-13 16:10:27.321091,382846,6.862879436681862,388858.07934131735,-864.7973572546856,-687.2984142246137,-9.501666437596668,28.046761989593506,-864.0650749471187,-6.216304800865636
2023-10-13 16:10:27.523313,382871,6.862879436681862,388858.07934131735,-861.1545714195775,-696.8305039285252,-9.532089703911538,28.24898362159729,-865.1336179828725,-5.28401944522834
2023-10-13 16:10:27.726214,382793,6.862879436681862,388858.07934131735,-872.520063225115,-706.412231593267,-9.581727664741834,28.451884746551514,-866.0429736082195,-4.481767292084921
2023-10-13 16:10:27.926323,382790,6.862879436681862,388858.07934131735,-872.957197525328,-716.0371923206671,-9.624960727400094,28.65199375152588,-866.8042239882835,-3.8041785284050733
2023-10-13 16:10:28.124250,382835,6.862879436681862,388858.07934131735,-866.4001830221332,-725.5164416146631,-9.479249293995963,28.849920988082886,-867.4446023106472,-3.235422943821023
2023-10-13 16:10:28.327305,382834,6.862879436681862,388858.07934131735,-866.5458944555376,-734.8836051906555,-9.367163575992436,29.05297589302063,-868.0027010452972,-2.7485114669902373
2023-10-13 16:10:28.527281,382785,6.862879436681862,388858.07934131735,-873.6857546923496,-744.1466891713595,-9.263083980703982,29.252951622009277,-868.4691727446905,-2.3326415748172677
2023-10-13 16:10:28.724158,382809,6.862879436681862,388858.07934131735,-870.1886802906457,-753.1423686533979,-8.995679482038327,29.44982886314392,-868.8599008619032,-1.9846281620000519
2023-10-13 16:10:28.921821,382840,6.862879436681862,388858.07934131735,-865.6716258551116,-761.9731220075172,-8.830753354119338,29.647491693496704,-869.1939833914194,-1.6901636434120342
2023-10-13 16:10:29.121291,382834,6.862879436681862,388858.07934131735,-866.5458944555376,-770.4948390248561,-8.521717017338915,29.846961736679077,-869.48079416759,-1.4378639097624037
2023-10-13 16:10:29.326274,382842,6.862879436681862,388858.07934131735,-865.3802029883029,-778.7635625644162,-8.268723539560142,30.051944971084595,-869.730795972017,-1.2196207419204723
2023-10-13 16:10:29.528302,382715,6.862879436681862,388858.07934131735,-883.8855550306525,-786.7264522162812,-7.962889651864998,30.25397300720215,-869.9395550246782,-1.0333172398891075
2023-10-13 16:10:29.727208,382857,6.862879436681862,388858.07934131735,-863.194531487238,-794.1881585862169,-7.461706369935655,30.452878713607788,-870.1141213018224,-0.8776333283681947
2023-10-13 16:10:29.929260,382806,6.862879436681862,388858.07934131735,-870.6258145908588,-801.4769327055192,-7.288774119302275,30.65493083000183,-870.2647400379881,-0.7454449814916754
2023-10-13 16:10:30.130241,382837,6.862879436681862,388858.07934131735,-866.1087601553246,-808.3493884436663,-6.872455738147096,30.85591173171997,-870.3918803536511,-0.6325989911287485
2023-10-13 16:10:30.330224,382835,6.862879436681862,388858.07934131735,-866.4001830221332,-814.7767037588856,-6.427315315219289,31.05589485168457,-870.4993285830628,-0.5372864941337859
2023-10-13 16:10:30.521558,382794,6.862879436681862,388858.07934131735,-872.3743517917106,-820.7941055911215,-6.017401832235919,31.247228860855103,-870.5869771020597,-0.45809168676711337
2023-10-13 16:10:30.729158,382861,6.862879436681862,388858.07934131735,-862.6116857536207,-826.459238023918,-5.665132432796554,31.45482873916626,-870.667830110823,-0.38946558842479106
2023-10-13 16:10:30.929165,382799,6.862879436681862,388858.07934131735,-871.6457946246891,-831.6456043183867,-5.186366294468712,31.65483593940735,-870.7338054193226,-0.3298646669721556
2023-10-13 16:10:31.130181,382862,6.862879436681862,388858.07934131735,-862.4659743202163,-836.3948363126418,-4.749231994255069,31.855851888656616,-870.7901223337342,-0.28016142312044434
2023-10-13 16:10:31.331180,382809,6.862879436681862,388858.07934131735,-870.1886802906457,-840.7725842129432,-4.377747900301415,32.05685091018677,-870.8379295977116,-0.2378482423124109
2023-10-13 16:10:31.530223,382801,6.862879436681862,388858.07934131735,-871.3543717578804,-844.5258545415124,-3.753270328569215,32.25589394569397,-870.878152903996,-0.20208346492437423
2023-10-13 16:10:31.731216,382857,6.862879436681862,388858.07934131735,-863.194531487238,-847.9524750633283,-3.4266205218158348,32.456886768341064,-870.9126642314401,-0.17170427774266592
2023-10-13 16:10:31.931088,382806,6.862879436681862,388858.07934131735,-870.6258145908588,-850.8522927105286,-2.8998176472002797,32.6567587852478,-870.9418131056523,-0.14583769485742415
2023-10-13 16:10:32.121168,382771,6.862879436681862,388858.07934131735,-875.7257147600102,-853.430264224605,-2.5779715140764665,32.84683871269226,-870.9654605590365,-0.12440794618431356
2023-10-13 16:10:32.334271,382801,6.862879436681862,388858.07934131735,-871.3543717578804,-855.6543651147,-2.2241008900949737,33.05994176864624,-870.9879631664508,-0.10559495411043235
2023-10-13 16:10:32.534642,382809,6.862879436681862,388858.07934131735,-870.1886802906457,-857.5582210962135,-1.9038559815135159,33.26031279563904,-871.0058394849177,-0.08921608445717619
2023-10-13 16:10:32.734636,382792,6.862879436681862,388858.07934131735,-872.6657746585194,-859.0201391038854,-1.4619180076718976,33.460306882858276,-871.0209974300012,-0.07579196612390368
2023-10-13 16:10:32.934613,382826,6.862879436681862,388858.07934131735,-867.7115859227722,-860.3363456781531,-1.3162065742676532,33.66028380393982,-871.0338756078934,-0.06439832067876886
2023-10-13 16:10:33.134493,382803,6.862879436681862,388858.07934131735,-871.0629488910718,-861.5484726571319,-1.2121269789788585,33.86016368865967,-871.0448130244241,-0.05471994616200163
2023-10-13 16:10:33.334162,382854,6.862879436681862,388858.07934131735,-863.631665787451,-862.4835877901883,-0.9351151330563425,34.05983281135559,-871.0540980164822,-0.04650189239415936
2023-10-13 16:10:33.534553,382793,6.862879436681862,388858.07934131735,-872.520063225115,-863.3626600642428,-0.8790722740545789,34.26022386550903,-871.0620155140556,-0.03951023466031505
2023-10-13 16:10:33.733663,382808,6.862879436681862,388858.07934131735,-870.3343917240501,-863.988738860519,-0.6260787962761469,34.45933389663696,-871.0687009692747,-0.03357668712734748
2023-10-13 16:10:33.935263,382777,6.862879436681862,388858.07934131735,-874.8514461595843,-864.5811919413936,-0.592453080874634,34.66093373298645,-871.0744508724127,-0.028521368083281366
2023-10-13 16:10:34.137373,382821,6.862879436681862,388858.07934131735,-868.4401430897939,-865.157632776839,-0.5764408354453963,34.863043785095215,-871.0793413423744,-0.02419706447366432
2023-10-13 16:10:34.334796,382820,6.862879436681862,388858.07934131735,-868.5858545231981,-865.5307180953359,-0.37308531849691917,35.06046676635742,-871.0834007865517,-0.02056216632606429
2023-10-13 16:10:34.534720,382782,6.862879436681862,388858.07934131735,-874.1228889925626,-865.9198156592618,-0.38909756392581585,35.260390758514404,-871.086897508019,-0.017490254318953458
2023-10-13 16:10:34.734926,382782,6.862879436681862,388858.07934131735,-874.1228889925626,-866.2448642414714,-0.3250485822096607,35.460596799850464,-871.0898725814883,-0.01486005841512736
2023-10-13 16:10:34.934687,382806,6.862879436681862,388858.07934131735,-870.6258145908588,-866.5202748628512,-0.27541062137981953,35.66035771369934,-871.0923947887484,-0.012626129964511231
2023-10-13 16:10:35.134764,382834,6.862879436681862,388858.07934131735,-866.5458944555376,-866.808495280574,-0.288220417722755,35.860434770584106,-871.0945413522818,-0.010728684072215037
2023-10-13 16:10:35.334718,382803,6.862879436681862,388858.07934131735,-871.0629488910718,-866.9365932440062,-0.1280979634321966,36.060388803482056,-871.0963640579885,-0.009115623627369793
2023-10-13 16:10:35.537815,382840,6.862879436681862,388858.07934131735,-865.6716258551116,-867.0006422257223,-0.06404898171615514,36.2634859085083,-871.0979351862351,-0.007735847571076699
2023-10-13 16:10:35.737592,382813,6.862879436681862,388858.07934131735,-869.6058345570284,-867.2120038653857,-0.21136163966332333,36.46326279640198,-871.0992467056925,-0.00656492085375329
2023-10-13 16:10:35.934841,382814,6.862879436681862,388858.07934131735,-869.4601231236242,-867.2984699907029,-0.08646612531720166,36.66051197052002,-871.1003482569148,-0.005584566968234556
2023-10-13 16:10:36.141565,382791,6.862879436681862,388858.07934131735,-872.8114860919237,-867.4041508105344,-0.10568081983149114,36.86723566055298,-871.101327676885,-0.004737821630793192
2023-10-13 16:10:36.334712,382802,6.862879436681862,388858.07934131735,-871.208660324476,-867.4479501033211,-0.04379929278672989,37.06038284301758,-871.1021051238495,-0.004025153018098489
2023-10-13 16:10:36.534692,382807,6.862879436681862,388858.07934131735,-870.4801031574544,-867.4917493961078,-0.04379929278672989,37.26036286354065,-871.1027910272277,-0.0034298595250565503
2023-10-13 16:10:36.734748,382784,6.862879436681862,388858.07934131735,-873.831466125754,-867.5355486888944,-0.043799292786616206,37.460418701171875,-871.1033740259268,-0.002914179890927184
2023-10-13 16:10:36.934537,382793,6.862879436681862,388858.07934131735,-872.520063225115,-867.579347981681,-0.043799292786616206,37.660207748413086,-871.1038687467516,-0.002476215946947142
2023-10-13 16:10:37.134416,382808,6.862879436681862,388858.07934131735,-870.3343917240501,-867.6231472744677,-0.043799292786616206,37.86008667945862,-871.1042893384499,-0.0021042322777278188
2023-10-13 16:10:37.337612,382773,6.862879436681862,388858.07934131735,-875.4342918932016,-867.6669465672544,-0.04379929278672989,38.06328272819519,-871.1046521883992,-0.0017857136078161591
2023-10-13 16:10:37.534740,382763,6.862879436681862,388858.07934131735,-876.8914062272448,-867.710745860041,-0.043799292786616206,38.26041078567505,-871.1049512218458,-0.0015169502019032987
2023-10-13 16:10:37.734620,382808,6.862879436681862,388858.07934131735,-870.3343917240501,-867.7545451528276,-0.043799292786616206,38.4602906703949,-871.1052091678334,-0.001290504985046607
2023-10-13 16:10:37.934574,382822,6.862879436681862,388858.07934131735,-868.2944316563895,-867.7983444456142,-0.043799292786616206,38.660244941711426,-871.105428431193,-0.0010965675207159696
2023-10-13 16:10:38.134662,382780,6.862879436681862,388858.07934131735,-874.4143118593713,-867.842143738401,-0.04379929278672989,38.86033272743225,-871.1056148523323,-0.0009316967483805073
2023-10-13 16:10:38.334652,382793,6.862879436681862,388858.07934131735,-872.520063225115,-867.8859430311876,-0.043799292786616206,39.060322761535645,-871.1057731646471,-0.0007916010187615116
2023-10-13 16:10:38.534391,382779,6.862879436681862,388858.07934131735,-874.5600232927756,-867.9297423239742,-0.043799292786616206,39.260061740875244,-871.1059075221424,-0.0006726653743639378
2023-10-13 16:10:38.734497,382824,6.862879436681862,388858.07934131735,-868.0030087895808,-867.9735416167608,-0.043799292786616206,39.46016788482666,-871.106021898076,-0.0005715763214675861
2023-10-13 16:10:38.934622,382839,6.862879436681862,388858.07934131735,-865.8173372885159,-868.0173409095476,-0.04379929278672989,39.660292863845825,-871.1061190789356,-0.000485600848400088
2023-10-13 16:10:39.137405,382813,6.862879436681862,388858.07934131735,-869.6058345570284,-868.0611402023342,-0.043799292786616206,39.863075733184814,-871.1062026498583,-0.00041212022973160253
2023-10-13 16:10:39.334485,382769,6.862879436681862,388858.07934131735,-876.0171376268189,-868.1049394951208,-0.043799292786616206,40.06015586853027,-871.1062716594803,-0.0003501602118230232
2023-10-13 16:10:39.534306,382796,6.862879436681862,388858.07934131735,-872.082928924902,-868.1487387879074,-0.043799292786616206,40.259976863861084,-871.1063311866335,-0.00029790239565893986
2023-10-13 16:10:39.734631,382788,6.862879436681862,388858.07934131735,-873.2486203921367,-868.1925380806941,-0.04379929278672989,40.460301637649536,-871.1063818893573,-0.0002531026135130009
2023-10-13 16:10:39.934301,382843,6.862879436681862,388858.07934131735,-865.2344915548986,-868.2363373734808,-0.043799292786616206,40.659971714019775,-871.106424828501,-0.0002150504694987117
2023-10-13 16:10:40.134690,382827,6.862879436681862,388858.07934131735,-867.5658744893678,-868.2801366662674,-0.043799292786616206,40.860360860824585,-871.1064614430398,-0.00018271717540134427
2023-10-13 16:10:40.337136,382785,6.862879436681862,388858.07934131735,-873.6857546923496,-868.323935959054,-0.043799292786616206,41.062806844711304,-871.1064928367748,-0.00015507215482716465
2023-10-13 16:10:40.534701,382838,6.862879436681862,388858.07934131735,-865.9630487219202,-868.3677352518407,-0.04379929278672989,41.260371923446655,-871.1065188662022,-0.00013175115560836424
2023-10-13 16:10:40.734763,382816,6.862879436681862,388858.07934131735,-869.1687002568154,-868.4115345446273,-0.043799292786616206,41.46043372154236,-871.1065412841722,-0.00011205522572418018
2023-10-13 16:10:40.934700,382855,6.862879436681862,388858.07934131735,-863.4859543540467,-868.455333837414,-0.043799292786616206,41.66037082672119,-871.1065603199712,-9.520893588364674e-05
2023-10-13 16:10:41.151099,382813,6.862879436681862,388858.07934131735,-869.6058345570284,-868.4991331302006,-0.043799292786616206,41.87676978111267,-871.1065777128518,-8.037414360475709e-05
2023-10-13 16:10:41.350875,382804,6.862879436681862,388858.07934131735,-870.9172374576674,-868.5429324229873,-0.04379929278672989,42.07654571533203,-871.1065912635416,-6.782944028477784e-05
2023-10-13 16:10:41.550190,382793,6.862879436681862,388858.07934131735,-872.520063225115,-868.5867317157739,-0.043799292786616206,42.27586078643799,-871.1066027546774,-5.7653120196194115e-05
2023-10-13 16:10:41.734664,382822,6.862879436681862,388858.07934131735,-868.2944316563895,-868.6305310085605,-0.043799292786616206,42.46033477783203,-871.106611849685,-4.930238427696038e-05
2023-10-13 16:10:41.951290,382834,6.862879436681862,388858.07934131735,-866.5458944555376,-868.6743303013471,-0.043799292786616206,42.676960945129395,-871.1066209233975,-4.188650240041081e-05
2023-10-13 16:10:42.151461,382776,6.862879436681862,388858.07934131735,-874.9971575929886,-868.7181295941339,-0.04379929278672989,42.877131938934326,-871.1066279974416,-3.534000591984704e-05
2023-10-13 16:10:42.350212,382816,6.862879436681862,388858.07934131735,-869.1687002568154,-868.7619288869205,-0.043799292786616206,43.07588291168213,-871.1066339678737,-3.003976283577283e-05
2023-10-13 16:10:42.551103,382822,6.862879436681862,388858.07934131735,-868.2944316563895,-868.8057281797071,-0.043799292786616206,43.27677369117737,-871.1066390962059,-2.552796202888115e-05
2023-10-13 16:10:42.751135,382859,6.862879436681862,388858.07934131735,-862.9031086204294,-868.8495274724937,-0.043799292786616206,43.476805686950684,-871.106643433254,-2.168177214217786e-05
2023-10-13 16:10:42.951376,382818,6.862879436681862,388858.07934131735,-868.8772773900068,-868.8933267652804,-0.04379929278672989,43.67704677581787,-871.1066471217275,-1.8420163009766807e-05
2023-10-13 16:10:43.154321,382794,6.862879436681862,388858.07934131735,-872.3743517917106,-868.9371260580671,-0.043799292786616206,43.87999176979065,-871.106650293977,-1.5631080486176073e-05
2023-10-13 16:10:43.351058,382785,6.862879436681862,388858.07934131735,-873.6857546923496,-868.9809253508537,-0.043799292786616206,44.07672882080078,-871.1066529070264,-1.3281938094785351e-05
2023-10-13 16:10:43.553129,382762,6.862879436681862,388858.07934131735,-877.0371176606492,-869.0247246436403,-0.043799292786616206,44.27879977226257,-871.1066551886695,-1.1291296888821195e-05
2023-10-13 16:10:43.751285,382779,6.862879436681862,388858.07934131735,-874.5600232927756,-869.068523936427,-0.04379929278672989,44.47695589065552,-871.1066570894778,-9.592478688727153e-06
2023-10-13 16:10:43.951193,382769,6.862879436681862,388858.07934131735,-876.0171376268189,-869.1123232292136,-0.043799292786616206,44.6768639087677,-871.106658720117,-8.156947406596028e-06
2023-10-13 16:10:44.151298,382769,6.862879436681862,388858.07934131735,-876.0171376268189,-869.1561225220003,-0.043799292786616206,44.87696886062622,-871.106660106969,-6.93062297748219e-06
2023-10-13 16:10:44.351051,382801,6.862879436681862,388858.07934131735,-871.3543717578804,-869.1999218147869,-0.043799292786616206,45.07672190666199,-871.1066612833152,-5.889002789430303e-06
2023-10-13 16:10:44.551026,382821,6.862879436681862,388858.07934131735,-868.4401430897939,-869.2437211075736,-0.04379929278672989,45.27669668197632,-871.1066622840342,-5.004225915313622e-06
2023-10-13 16:10:44.751459,382754,6.862879436681862,388858.07934131735,-878.2028091278838,-869.2875204003602,-0.043799292786616206,45.47712993621826,-871.1066631361189,-4.2512140559488335e-06
2023-10-13 16:10:44.951147,382814,6.862879436681862,388858.07934131735,-869.4601231236242,-869.3313196931468,-0.043799292786616206,45.676817893981934,-871.1066638573689,-3.6118852513078804e-06
2023-10-13 16:10:45.154126,382814,6.862879436681862,388858.07934131735,-869.4601231236242,-869.3751189859335,-0.043799292786616206,45.87979698181152,-871.1066644796339,-3.0656607368268537e-06
